,id,CustomerId,CreditScore,Age,Tenure,Balance,NumOfProducts,HasCrCard,IsActiveMember,EstimatedSalary,Exited
count,165034.0,165034.0,165034.0,165034.0,165034.0,165034.0,165034.0,165034.0,165034.0,165034.0,165034.0
mean,82516.5,15692005.019026382,656.454373038283,38.12588787764945,5.020353381727402,55478.086689348864,1.5544554455445545,0.7539537307463916,0.49777015645260975,112574.82273434385,0.21159882206090866
std,47641.356500069,71397.81679067003,80.10334048718263,8.867204591411316,2.8061585665865536,62817.66327782619,0.5471536788433651,0.4307071240451021,0.49999654260447646,50292.86558490377,0.40844310671211065
min,0.0,15565701.0,350.0,18.0,0.0,0.0,1.0,0.0,0.0,11.58,0.0
25%,41258.25,15633141.0,597.0,32.0,3.0,0.0,1.0,1.0,0.0,74637.57,0.0
50%,82516.5,15690169.0,659.0,37.0,5.0,0.0,2.0,1.0,0.0,117948.0,0.0
75%,123774.75,15756824.0,710.0,42.0,7.0,119939.5175,2.0,1.0,1.0,155152.4675,0.0
max,165033.0,15815690.0,850.0,92.0,10.0,250898.09,4.0,1.0,1.0,199992.48,1.0
