Модель,Accuracy,AUC-ROC,F1-Score
Logistic Regression,0.7584148816917623,0.8218969955602321,0.5645478374836173
Random Forest,0.8202199533432303,0.8871884645264241,0.646659521257592
